Chrom,Pos,Ref,Alt,Disease,Prob,TPR,FPR,Splicing_site,Name,Strand,Email
chr1,876499,A,G,B,0.1,0.99,0.97,off,ENST00000341065_exon_5_0_chr1_876524_f,+,lab1@gmail.com
chr1,883625,A,G,B,0.01,1,0.97,on,ENST00000327044_exon_5_0_chr1_883511_r,-,lab2@gmail.com
chr1,889158,G,C,B,0.24,0.95,0.24,on,ENST00000327044_exon_11_0_chr1_889162_r,-,lab1@gmail.com
chr1,889159,A,C,B,0.19,0.97,0.35,on,ENST00000327044_exon_11_0_chr1_889162_r,-,lab1@gmail.com
chr1,977330,T,C,B,0.04,1,0.79,on,ENST00000379370_exon_6_0_chr1_977336_f,+,lab1@gmail.com
chr1,982941,T,C,B,0.06,0.99,0.71,on,ENST00000379370_exon_20_0_chr1_982953_f,+,lab2@gmail.com
chr1,987200,C,T,B,0.03,1,0.84,on,ENST00000419249_exon_5_0_chr1_987108_f,+,lab1@gmail.com
chr1,1225641,C,A,B,0.03,1,0.82,on,ENST00000379099_exon_3_0_chr1_1225651_f,+,lab4@gmail.com
chr1,1233941,T,C,B,0.08,0.99,0.65,on,ENST00000353662_exon_12_0_chr1_1233947_r,-,lab1@gmail.com
chr1,1246004,A,G,B,0.07,0.99,0.69,on,ENST00000379031_exon_5_0_chr1_1246014_f,+,lab1@gmail.com
chr4,876499,C,A,B,0.47,,,,,-,lab3@gmail.com
chr4,883625,C,A,D,0.81,,,,,-,lab2@gmail.com
chr4,889158,C,T,D,0.84,,,,,-,lab1@gmail.com
chr7,889159,C,T,B,0.49,,,,,-,lab2@gmail.com
chr8,977330,C,T,D,0.55,,,,,-,lab1@gmail.com
chr9,982941,G,A,B,0.37,,,,,-,lab2@gmail.com
chr9,987200,G,T,B,0.47,,,,,-,lab2@gmail.com
chr9,1225641,G,A,D,0.53,,,,,-,lab1@gmail.com
chr9,1233941,G,T,B,0.07,,,,,-,lab2@gmail.com
chr9,1246004,G,A,D,0.85,,,,,-,lab4@gmail.com
chr9,1246004,G,T,B,0.24,,,,,-,lab3@gmail.com
